{
  "hash": "06acb07a",
  "configHash": "6fa5cdcd",
  "lockfileHash": "3c14158b",
  "browserHash": "9716a973",
  "optimized": {
    "@angular/common": {
      "src": "../../../../../node_modules/@angular/common/fesm2022/common.mjs",
      "file": "@angular_common.js",
      "fileHash": "6cb4a94c",
      "needsInterop": false
    },
    "@angular/common/http": {
      "src": "../../../../../node_modules/@angular/common/fesm2022/http.mjs",
      "file": "@angular_common_http.js",
      "fileHash": "4c3abebd",
      "needsInterop": false
    },
    "@angular/core": {
      "src": "../../../../../node_modules/@angular/core/fesm2022/core.mjs",
      "file": "@angular_core.js",
      "fileHash": "aef40c77",
      "needsInterop": false
    },
    "@angular/forms": {
      "src": "../../../../../node_modules/@angular/forms/fesm2022/forms.mjs",
      "file": "@angular_forms.js",
      "fileHash": "eb7a5654",
      "needsInterop": false
    },
    "@angular/platform-browser": {
      "src": "../../../../../node_modules/@angular/platform-browser/fesm2022/platform-browser.mjs",
      "file": "@angular_platform-browser.js",
      "fileHash": "7cc802aa",
      "needsInterop": false
    },
    "@angular/router": {
      "src": "../../../../../node_modules/@angular/router/fesm2022/router.mjs",
      "file": "@angular_router.js",
      "fileHash": "785997c2",
      "needsInterop": false
    },
    "@ngrx/effects": {
      "src": "../../../../../node_modules/@ngrx/effects/fesm2022/ngrx-effects.mjs",
      "file": "@ngrx_effects.js",
      "fileHash": "48a4d1ab",
      "needsInterop": false
    },
    "@ngrx/store": {
      "src": "../../../../../node_modules/@ngrx/store/fesm2022/ngrx-store.mjs",
      "file": "@ngrx_store.js",
      "fileHash": "9a9e4ea1",
      "needsInterop": false
    },
    "rxjs": {
      "src": "../../../../../node_modules/rxjs/dist/esm5/index.js",
      "file": "rxjs.js",
      "fileHash": "0fa7cd1d",
      "needsInterop": false
    }
  },
  "chunks": {
    "chunk-X6PWUZN5": {
      "file": "chunk-X6PWUZN5.js"
    },
    "chunk-Y6VDGAZN": {
      "file": "chunk-Y6VDGAZN.js"
    },
    "chunk-2IRRX5HF": {
      "file": "chunk-2IRRX5HF.js"
    },
    "chunk-T76FZRMF": {
      "file": "chunk-T76FZRMF.js"
    },
    "chunk-6JJ7KVRE": {
      "file": "chunk-6JJ7KVRE.js"
    },
    "chunk-T4QU4GDF": {
      "file": "chunk-T4QU4GDF.js"
    }
  }
}